{
  "subgraphx": {
    "0.5": {
      "fidelity": 0.39953973790009817,
      "fidelity_inv": 0.06905358284711838,
      "h_fidelity": 0.5306733172358159,
      "sparsity": 0.831305090462168,
      "STD of sparsity": 0.16302350407697688,
      "fidelity_abs": 0.49799725227057934,
      "STD of fidelity_abs": 0.3858316132297713,
      "Time in seconds": 9.76387357711792,
      "Average Time": 0.3254624525705973
    },
    "0.6": {
      "fidelity": 0.39307569364706674,
      "fidelity_inv": 0.08211708068847656,
      "h_fidelity": 0.5401427294818022,
      "sparsity": 0.8566290953507026,
      "STD of sparsity": 0.1251126835603895,
      "fidelity_abs": 0.4911257958660523,
      "STD of fidelity_abs": 0.3775181596530362,
      "Time in seconds": 12.005271911621094,
      "Average Time": 0.4001757303873698
    },
    "0.7": {
      "fidelity": 0.3903496523698171,
      "fidelity_inv": 0.09140627831220627,
      "h_fidelity": 0.5489730762890047,
      "sparsity": 0.8836631547659636,
      "STD of sparsity": 0.08687300784129338,
      "fidelity_abs": 0.48720731772482395,
      "STD of fidelity_abs": 0.3729566533900208,
      "Time in seconds": 9.981144428253174,
      "Average Time": 0.3327048142751058
    },
    "0.8": {
      "fidelity": 0.3793864885965983,
      "fidelity_inv": 0.11051306873559952,
      "h_fidelity": 0.5551982074412664,
      "sparsity": 0.9089279354860386,
      "STD of sparsity": 0.052476545333953885,
      "fidelity_abs": 0.4715471165875594,
      "STD of fidelity_abs": 0.35507472130905604,
      "Time in seconds": 9.544971704483032,
      "Average Time": 0.3181657234827677
    }
  },
  "gnn_explainer": {
    "0.8": {
      "fidelity": 0.1698865877331053,
      "sparsity": 0.8058593379039514,
      "STD of sparsity": 0.0034822208100158446,
      "fidelity_abs": 0.18223557099429788,
      "STD of fidelity_abs": 0.5012795861329135,
      "Time in seconds": 161.9069745540619,
      "Average Time": 1.0651774641714598
    },
    "0.7": {
      "fidelity": 0.18887527769438942,
      "sparsity": 0.7043183002817003,
      "STD of sparsity": 0.0028622486895666364,
      "fidelity_abs": 0.212358000013091,
      "STD of fidelity_abs": 0.5400973295653567,
      "Time in seconds": 31.53753638267517,
      "Average Time": 0.20748379199128403
    },
    "0.6": {
      "fidelity": 0.20036578779249076,
      "sparsity": 0.6043654766521955,
      "STD of sparsity": 0.0030443620686836106,
      "fidelity_abs": 0.23107245318249525,
      "STD of fidelity_abs": 0.5670506672489866,
      "Time in seconds": 29.695409536361694,
      "Average Time": 0.1953645364234322
    },
    "0.5": {
      "fidelity": 0.20032374262224326,
      "sparsity": 0.5028169598234328,
      "STD of sparsity": 0.0025576892575815253,
      "fidelity_abs": 0.2284278041184455,
      "STD of fidelity_abs": 0.5996179344446101,
      "Time in seconds": 30.189662218093872,
      "Average Time": 0.19861619880324916
    }
  },
  "gnn_lrp": {
    "0.8": {
      "fidelity": 0.12910137196089827,
      "STD of fidelity": 0.34024005125368917,
      "sparsity": 0.8058593379039514,
      "STD of sparsity": 0.0034822208100158446,
      "fidelity_abs": 0.15250201107612038,
      "STD of fidelity_abs": 0.4639538446676733,
      "Time in seconds": 196.9939262866974,
      "Average Time": 1.2960126729387986
    },
    "0.7": {
      "fidelity": 0.18213478006591208,
      "STD of fidelity": 0.41428616011548175,
      "sparsity": 0.7043183002817003,
      "STD of sparsity": 0.0028622486895666364,
      "fidelity_abs": 0.20804879031044066,
      "STD of fidelity_abs": 0.5349099523812502,
      "Time in seconds": 46.562636852264404,
      "Average Time": 0.30633313718595
    },
    "0.6": {
      "fidelity": 0.1958380712918657,
      "STD of fidelity": 0.44451921809999956,
      "sparsity": 0.6043654766521955,
      "STD of sparsity": 0.0030443620686836106,
      "fidelity_abs": 0.2237288222196349,
      "STD of fidelity_abs": 0.5737496800024826,
      "Time in seconds": 41.64193058013916,
      "Average Time": 0.2739600696061787
    },
    "0.5": {
      "fidelity": 0.19994932844316568,
      "STD of fidelity": 0.4688435143865008,
      "sparsity": 0.5028169598234328,
      "STD of sparsity": 0.0025576892575815253,
      "fidelity_abs": 0.2279267453983155,
      "STD of fidelity_abs": 0.5993848681533237,
      "Time in seconds": 44.3407096862793,
      "Average Time": 0.29171519530446904
    }
  },
  "grad_cam": {
    "0.8": {
      "fidelity": 0.20095965756857032,
      "sparsity": 0.8058593379039514,
      "STD of sparsity": 0.0034822208100158446,
      "fidelity_abs": 0.2369873470136157,
      "STD of fidelity_abs": 0.4976728009981515,
      "Time in seconds": 35.16711187362671,
      "Average Time": 0.2313625781159652,
      "accuracy": NaN,
      "stability": NaN
    },
    "0.7": {
      "fidelity": 0.21037692783245707,
      "sparsity": 0.7043183002817003,
      "STD of sparsity": 0.0028622486895666364,
      "fidelity_abs": 0.2450460409768568,
      "STD of fidelity_abs": 0.5507345686276487,
      "Time in seconds": 31.046484231948853,
      "Average Time": 0.2042531857365056,
      "accuracy": NaN,
      "stability": NaN
    },
    "0.6": {
      "fidelity": 0.19344802342407333,
      "sparsity": 0.6043654766521955,
      "STD of sparsity": 0.0030443620686836106,
      "fidelity_abs": 0.22051572750352122,
      "STD of fidelity_abs": 0.5929837690754303,
      "Time in seconds": 30.87664818763733,
      "Average Time": 0.20313584333971926,
      "accuracy": NaN,
      "stability": NaN
    },
    "0.5": {
      "fidelity": 0.18811119511854868,
      "sparsity": 0.5028169598234328,
      "STD of sparsity": 0.0025576892575815253,
      "fidelity_abs": 0.2145717738518486,
      "STD of fidelity_abs": 0.6077377298823051,
      "Time in seconds": 31.884252071380615,
      "Average Time": 0.209764816259083,
      "accuracy": NaN,
      "stability": NaN
    }
  },
  "same": {
    "0.7": {
      "fidelity": 0.7177055070797602,
      "inv_fidelity": 0.2697845697402954,
      "h_fidelity": 0.6100739200909933,
      "sparsity": 0.9162713263183833,
      "STD of sparsity": 0.04316800031537005,
      "fidelity_abs": 0.8800256709257762,
      "STD of fidelity_abs": 0.14438923032828807,
      "Time in seconds": 809.4030387401581,
      "Average Time": 26.980101291338602
    },
    "0.5": {
      "fidelity": 0.7166913390159607,
      "inv_fidelity": 0.2994369059801102,
      "h_fidelity": 0.6064184407393137,
      "sparsity": 0.9115599121898412,
      "STD of sparsity": 0.036779036772887685,
      "fidelity_abs": 0.8787192910909652,
      "STD of fidelity_abs": 0.15707360918646088,
      "Time in seconds": 1.8134560585021973,
      "Average Time": 0.060448535283406574
    },
    "0.6": {
      "fidelity": 0.7084482759237289,
      "inv_fidelity": 0.2936678767204285,
      "h_fidelity": 0.6074855585892995,
      "sparsity": 0.9208049478630225,
      "STD of sparsity": 0.04573684235063497,
      "fidelity_abs": 0.8697758803764979,
      "STD of fidelity_abs": 0.15689426633614204,
      "Time in seconds": 106.80511856079102,
      "Average Time": 3.560170618693034
    },
    "0.8": {
      "fidelity": 0.7187226583560308,
      "inv_fidelity": 0.2937896509965261,
      "h_fidelity": 0.610313751300176,
      "sparsity": 0.9214043692375223,
      "STD of sparsity": 0.03863208591986624,
      "fidelity_abs": 0.8806730369726817,
      "STD of fidelity_abs": 0.14454119448713956,
      "Time in seconds": 101.15937733650208,
      "Average Time": 3.371979244550069
    }
  },
  "pgexplainer": {
    "0.8": {
      "fidelity": -0.20922747483321777,
      "sparsity": 0.8054945607980092,
      "STD of sparsity": 0.002854785781622513,
      "fidelity_abs": -3.750652078528854,
      "STD of fidelity_abs": 14.132047203007279,
      "Training time": null,
      "Time in seconds": 1.2511329650878906,
      "Average Time": 0.04170443216959636
    },
    "0.7": {
      "fidelity": -0.22921838383869422,