{
  "same": {
    "5@16": {
      "fidelity": 0.2563600351413091,
      "sparsity": 0.7782608749965827,
      "STD of sparsity": 0.06482976411594828,
      "fidelity_abs": 0.31387299091244736,
      "STD of fidelity_abs": 0.2665338032601188,
      "Time in seconds": 181.73597145080566,
      "Average Time": 6.057865715026855
    }
  },
  "subgraphx": {
    "5@16": {
      "fidelity": 0.18773863712946573,
      "sparsity": 0.7478260939319928,
      "STD of sparsity": 0.05516772640115195,
      "fidelity_abs": 0.2180672109160999,
      "STD of fidelity_abs": 0.20076035779170948,
      "Time in seconds": 1094.5241348743439,
      "Average Time": 36.48413782914479
    }
  },
  "gnn_explainer": {
    "0.7@16": {
      "fidelity": 0.10434046487013499,
      "sparsity": 0.717391312122345,
      "STD of sparsity": 0.0,
      "fidelity_abs": 0.11700986399024568,
      "STD of fidelity_abs": 0.11050598163056428,
      "Time in seconds": 229.3197455406189,
      "Average Time": 7.64399151802063
    }
  },
  "pgexplainer": {
    "0.7@16": {
      "fidelity": 0.16993572165568668,
      "sparsity": 0.717391312122345,
      "STD of sparsity": 0.0,
      "fidelity_abs": 0.17801768284318029,
      "STD of fidelity_abs": 0.17036188319004913,
      "Training time": null,
      "Time in seconds": 10.538039445877075,
      "Average Time": 0.35126798152923583,
      "accuracy": NaN,
      "stability": NaN
    }
  },
  "grad_cam": {
    "0.7@16": {
      "fidelity": 0.1908537228902181,
      "sparsity": 0.717391312122345,
      "STD of sparsity": 0.0,
      "fidelity_abs": 0.2125753178370963,
      "STD of fidelity_abs": 0.15189871554652917,
      "Time in seconds": 11.612645626068115,
      "Average Time": 0.38708818753560387,
      "accuracy": NaN,
      "stability": NaN
    }
  },
  "gnn_lrp": {
    "0.7@16": {
      "fidelity": 0.09539329359928767,
      "STD of fidelity": 0.1689409055098188,
      "sparsity": 0.717391312122345,
      "STD of sparsity": 0.0,
      "fidelity_abs": 0.09797989480435627,
      "STD of fidelity_abs": 0.19511049982238726,
      "Time in seconds": 175.15188097953796,
      "Average Time": 5.838396032651265
    }
  }
}