{
  "subgraphx": {
    "0.5": {
      "fidelity": 0.3489465981721878,
      "fidelity_inv": -0.11335943639278412,
      "h_fidelity": 0.556179529190432,
      "sparsity": 0.518466004729271,
      "STD of sparsity": 0.04003089735067784,
      "fidelity_abs": 0.5134473090370496,
      "STD of fidelity_abs": 0.25486985547143964,
      "Time in seconds": 15.703786373138428,
      "Average Time": 0.523459545771281
    },
    "0.6": {
      "fidelity": 0.3175220082203547,
      "fidelity_inv": -0.12984497845172882,
      "h_fidelity": 0.5576450538782272,
      "sparsity": 0.6150312513113022,
      "STD of sparsity": 0.02938465905767082,
      "fidelity_abs": 0.46982202666501205,
      "STD of fidelity_abs": 0.2524298582678927,
      "Time in seconds": 13.606199502944946,
      "Average Time": 0.4535399834314982
    },
    "0.7": {
      "fidelity": 0.26469588577747344,
      "fidelity_inv": -0.1347552388906479,
      "h_fidelity": 0.5528668534609927,
      "sparsity": 0.7116490894307693,
      "STD of sparsity": 0.05399815160782374,
      "fidelity_abs": 0.39321951574335495,
      "STD of fidelity_abs": 0.2483346930960756,
      "Time in seconds": 15.639715909957886,
      "Average Time": 0.5213238636652628
    },
    "0.8": {
      "fidelity": 0.23037293752034504,
      "fidelity_inv": -0.13223983347415924,
      "h_fidelity": 0.5470657361235394,
      "sparsity": 0.8289482632031043,
      "STD of sparsity": 0.04746469910096704,
      "fidelity_abs": 0.34427445304269594,
      "STD of fidelity_abs": 0.25104235712139217,
      "Time in seconds": 13.753819704055786,
      "Average Time": 0.45846065680185955
    }
  },
  "gnn_explainer": {
    "0.8": {
      "fidelity": 0.12723334829012553,
      "sparsity": 0.8085899452368418,
      "STD of sparsity": 0.005857506993383461,
      "fidelity_abs": 0.1914663462610274,
      "STD of fidelity_abs": 0.1839002044720335,
      "Time in seconds": 13.976897716522217,
      "Average Time": 0.46589659055074056
    },
    "0.7": {
      "fidelity": 0.14522822598616283,
      "sparsity": 0.7068279961744944,
      "STD of sparsity": 0.005098049852529065,
      "fidelity_abs": 0.21167270020818693,
      "STD of fidelity_abs": 0.19525730795824742,
      "Time in seconds": 14.159850358963013,
      "Average Time": 0.47199501196543375
    },
    "0.6": {
      "fidelity": 0.20616215964158377,
      "sparsity": 0.6050973673661549,
      "STD of sparsity": 0.0038866207923577076,
      "fidelity_abs": 0.2968676764978668,
      "STD of fidelity_abs": 0.16001444131180273,
      "Time in seconds": 14.855669021606445,
      "Average Time": 0.4951889673868815
    },
    "0.5": {
      "fidelity": 0.2384457230567932,
      "sparsity": 0.5048953235149384,
      "STD of sparsity": 0.00404336930013942,
      "fidelity_abs": 0.3387673018140226,
      "STD of fidelity_abs": 0.12210911736113403,
      "Time in seconds": 17.329636096954346,
      "Average Time": 0.5776545365651449
    }
  },
  "gnn_lrp": {
    "0.8": {
      "fidelity": 0.0776104619105657,
      "STD of fidelity": 0.11597309891439578,
      "sparsity": 0.8085899452368418,
      "STD of sparsity": 0.005857506993383461,
      "fidelity_abs": 0.10996190619373644,
      "STD of fidelity_abs": 0.17669536699851818,
      "Time in seconds": 39.700154066085815,
      "Average Time": 1.323338468869527
    },
    "0.7": {
      "fidelity": 0.12306280632813772,
      "STD of fidelity": 0.13378168657916886,
      "sparsity": 0.7068279961744944,
      "STD of sparsity": 0.005098049852529065,
      "fidelity_abs": 0.1741024260637537,
      "STD of fidelity_abs": 0.19934478392310742,
      "Time in seconds": 17.104058504104614,
      "Average Time": 0.5701352834701539
    },
    "0.6": {
      "fidelity": 0.15546183586120604,
      "STD of fidelity": 0.15378205778136098,
      "sparsity": 0.6050973673661549,
      "STD of sparsity": 0.0038866207923577076,
      "fidelity_abs": 0.2113420871932283,
      "STD of fidelity_abs": 0.22260323434380688,
      "Time in seconds": 14.268698453903198,
      "Average Time": 0.47562328179677327
    },
    "0.5": {
      "fidelity": 0.18637530108292896,
      "STD of fidelity": 0.14086768143385678,
      "sparsity": 0.5048953235149384,
      "STD of sparsity": 0.00404336930013942,
      "fidelity_abs": 0.256501163918035,
      "STD of fidelity_abs": 0.20011680739777896,
      "Time in seconds": 17.35958766937256,
      "Average Time": 0.5786529223124186
    }
  },
  "grad_cam": {
    "0.8": {
      "fidelity": 0.19576067378123602,
      "sparsity": 0.8085899452368418,
      "STD of sparsity": 0.005857506993383461,
      "fidelity_abs": 0.29176772206618773,
      "STD of fidelity_abs": 0.17872460539206445,
      "Time in seconds": 15.279475927352905,
      "Average Time": 0.5093158642450969,
      "accuracy": NaN,
      "stability": NaN
    },
    "0.7": {
      "fidelity": 0.22984112401803333,
      "sparsity": 0.7068279961744944,
      "STD of sparsity": 0.005098049852529065,
      "fidelity_abs": 0.34008367452329136,
      "STD of fidelity_abs": 0.18589560197882038,
      "Time in seconds": 14.012318134307861,
      "Average Time": 0.4670772711435954,
      "accuracy": NaN,
      "stability": NaN
    },
    "0.6": {
      "fidelity": 0.2682258682946364,
      "sparsity": 0.6050973673661549,
      "STD of sparsity": 0.0038866207923577076,
      "fidelity_abs": 0.39992849413065173,
      "STD of fidelity_abs": 0.19532039141547747,
      "Time in seconds": 16.242785930633545,
      "Average Time": 0.5414261976877849,
      "accuracy": NaN,
      "stability": NaN
    },
    "0.5": {
      "fidelity": 0.30869924624760947,
      "sparsity": 0.5048953235149384,
      "STD of sparsity": 0.00404336930013942,
      "fidelity_abs": 0.4545877674909233,
      "STD of fidelity_abs": 0.18872548280730908,
      "Time in seconds": 16.84894323348999,
      "Average Time": 0.561631441116333,
      "accuracy": NaN,
      "stability": NaN
    }
  },
  "pgexplainer": {
    "0.8": {
      "fidelity": 0.11207548330227533,
      "sparsity": 0.8085899452368418,
      "STD of sparsity": 0.005857506993383461,
      "fidelity_abs": 0.1394559624076875,
      "STD of fidelity_abs": 0.20647400697621365,
      "Training time": null,
      "Time in seconds": 1.600846529006958,
      "Average Time": 0.053361550966898603
    },
    "0.7": {
      "fidelity": 0.1374369353055954,
      "sparsity": 0.7068279961744944,
      "STD of sparsity": 0.005098049852529065,
      "fidelity_abs": 0.16667017163160644,
      "STD of fidelity_abs": 0.2374209169311684,
      "Training time": null,
      "Time in seconds": 1.4665560722351074,
      "Average Time": 0.04888520240783691
    },
    "0.6": {
      "fidelity": 0.17116391857465107,
      "sparsity": 0.6050973673661549,
      "STD of sparsity": 0.0038866207923577076,
      "fidelity_abs": 0.2134064145835856,
      "STD of fidelity_abs": 0.2139826678148491,
      "Training time": null,
      "Time in seconds": 1.4937942028045654,
      "Average Time": 0.04979314009348552
    },
    "0.5": {
      "fidelity": 0.19799643357594807,
      "sparsity": 0.5048953235149384,
      "STD of sparsity": 0.00404336930013942,
      "fidelity_abs": 0.24769313868809414,
      "STD of fidelity_abs": 0.2344644043140086,
      "Training time": null,
      "Time in seconds": 1.4584217071533203,
      "Average Time": 0.04861405690511068
    }
  },
  "same": {
    "0.7": {
      "fidelity": 0.31774722536404926,
      "inv_fidelity": -0.187347145875295,
      "h_fidelity": 0.5643301546573639,
      "sparsity": 0.8085622936487198,
      "STD of sparsity": 0.0835903985573112,
      "fidelity_abs": 0.4693960809459289,
      "STD of fidelity_abs": 0.27558487598202125,
      "Time in seconds": 138.30592131614685,
      "Average Time": 4.610197377204895
    },
    "0.5": {
      "fidelity": 0.32345807552337646,
      "inv_fidelity": -0.19094491203625996,
      "h_fidelity": 0.5638804137706757,
      "sparsity": 0.7737428784370423,
      "STD of sparsity": 0.12106891558718293,